{"inputUnits":[8],"outputUnits":2,"inputs":{"0":{"dtype":"number","min":395.64239918372317,"max":516.0408290692008},"1":{"dtype":"number","min":395.64239918372317,"max":516.0408290692008},"2":{"dtype":"number","min":273.962178667154,"max":392.243885538499},"3":{"dtype":"number","min":273.962178667154,"max":392.243885538499},"4":{"dtype":"number","min":373.21759259259255,"max":461.169209917154},"5":{"dtype":"number","min":373.21759259259255,"max":461.169209917154},"6":{"dtype":"number","min":306.2142117446394,"max":386.88124390838203},"7":{"dtype":"number","min":306.2142117446394,"max":386.88124390838203}},"outputs":{"0":{"dtype":"string","min":0,"max":1,"uniqueValues":["q","w"],"legend":{"q":[1,0],"w":[0,1]}}},"isNormalized":true}